{
  "module_names": [
    {
      "branches": 2,
      "branches_missing": 0,
      "branches_partial": 0,
      "coverage": 98.57142857142857,
      "lines": [
        1,
        2,
        3,
        4,
        5,
        6,
        8,
        9,
        11,
        12,
        14,
        15,
        19,
        20,
        21,
        24,
        25,
        26,
        27,
        30,
        31,
        32,
        34,
        35,
        36,
        40,
        41,
        46,
        47,
        48,
        49,
        50,
        51,
        52,
        53,
        54,
        57,
        58,
        59,
        60,
        61,
        62,
        65,
        66,
        67,
        70,
        71,
        72,
        73,
        74,
        75,
        76,
        77,
        79,
        81,
        83,
        85,
        89,
        92,
        93,
        94,
        95,
        96,
        97,
        98,
        101,
        102,
        103,
        104,
        105
      ],
      "lines_not_covered": [
        2
      ],
      "module": "SIER_CODE",
      "sum_lines": 70,
      "sum_lines_not_covered": 1
    },
    {
      "branches": 2,
      "branches_missing": 0,
      "branches_partial": 0,
      "coverage": 98.30508474576271,
      "lines": [
        1,
        2,
        3,
        4,
        5,
        6,
        8,
        9,
        10,
        11,
        12,
        14,
        15,
        16,
        17,
        19,
        20,
        21,
        23,
        24,
        25,
        26,
        27,
        28,
        31,
        32,
        36,
        37,
        40,
        42,
        43,
        44,
        45,
        46,
        47,
        50,
        51,
        52,
        54,
        55,
        56,
        57,
        59,
        60,
        63,
        64,
        65,
        66,
        68,
        69,
        70,
        71,
        73,
        74,
        75,
        76,
        77,
        78,
        79
      ],
      "lines_not_covered": [
        2
      ],
      "module": "SIR_CODE",
      "sum_lines": 59,
      "sum_lines_not_covered": 1
    },
    {
      "branches": 2,
      "branches_missing": 0,
      "branches_partial": 0,
      "coverage": 98.03921568627452,
      "lines": [
        1,
        2,
        3,
        4,
        5,
        6,
        8,
        9,
        10,
        15,
        17,
        18,
        19,
        22,
        23,
        26,
        27,
        28,
        29,
        34,
        35,
        39,
        40,
        45,
        46,
        47,
        48,
        50,
        51,
        54,
        55,
        57,
        59,
        61,
        62,
        63,
        64,
        65,
        66,
        68,
        69,
        71,
        73,
        74,
        75,
        77,
        80,
        81,
        86,
        87,
        88
      ],
      "lines_not_covered": [
        2
      ],
      "module": "SIS_CODE",
      "sum_lines": 51,
      "sum_lines_not_covered": 1
    },
    {
      "branches": 16,
      "branches_missing": 16,
      "branches_partial": 0,
      "coverage": 0.0,
      "lines": [
        1,
        2,
        3,
        4,
        5,
        6,
        8,
        9,
        10,
        11,
        12,
        15,
        16,
        17,
        18,
        19,
        20,
        21,
        22,
        23,
        24,
        25,
        26,
        27,
        28,
        29,
        30,
        31,
        32,
        33,
        34,
        35,
        36,
        37,
        38,
        39,
        40,
        41,
        42,
        43,
        44,
        45,
        46,
        47,
        48,
        51,
        52,
        53,
        54,
        55,
        56,
        57,
        60,
        61,
        62,
        63,
        64,
        66,
        67,
        68,
        70,
        71,
        72,
        73,
        74,
        75,
        76,
        77,
        79,
        80,
        81,
        82,
        83,
        84,
        86,
        87,
        90,
        92,
        93,
        94,
        95,
        96,
        98,
        99,
        100,
        101,
        102,
        103,
        104,
        105,
        108,
        110,
        111,
        112,
        113,
        114,
        116,
        117,
        118,
        119,
        120,
        121,
        123,
        124,
        125,
        126,
        127,
        128,
        129,
        131,
        133,
        134,
        135,
        136,
        137,
        138,
        142,
        143,
        144,
        148,
        149,
        150,
        151,
        156,
        158,
        159,
        160,
        161,
        162,
        163,
        167,
        171,
        172,
        174,
        175
      ],
      "lines_not_covered": [
        1,
        2,
        3,
        4,
        5,
        6,
        8,
        9,
        10,
        11,
        12,
        15,
        16,
        17,
        18,
        19,
        20,
        21,
        22,
        23,
        24,
        25,
        26,
        27,
        28,
        29,
        30,
        31,
        32,
        33,
        34,
        35,
        36,
        37,
        38,
        39,
        40,
        41,
        42,
        43,
        44,
        45,
        46,
        47,
        48,
        51,
        52,
        53,
        54,
        55,
        56,
        57,
        60,
        61,
        62,
        63,
        64,
        66,
        67,
        68,
        70,
        71,
        72,
        73,
        74,
        75,
        76,
        77,
        79,
        80,
        81,
        82,
        83,
        84,
        86,
        87,
        90,
        92,
        93,
        94,
        95,
        96,
        98,
        99,
        100,
        101,
        102,
        103,
        104,
        105,
        108,
        110,
        111,
        112,
        113,
        114,
        116,
        117,
        118,
        119,
        120,
        121,
        123,
        124,
        125,
        126,
        127,
        128,
        129,
        131,
        133,
        134,
        135,
        136,
        137,
        138,
        142,
        143,
        144,
        148,
        149,
        150,
        151,
        156,
        158,
        159,
        160,
        161,
        162,
        163,
        167,
        171,
        172,
        174,
        175
      ],
      "module": "__init__",
      "sum_lines": 135,
      "sum_lines_not_covered": 135
    }
  ],
  "overall_branch_coverage": 27.272727272727273,
  "overall_branch_partial_coverage": 100.0,
  "overall_coverage": 56.19047619047619
}